Variable,N valides,Moyenne,Écart-type,Minimum,Q1,Médiane,Q3,Maximum,NA,Infinis,Zéros,Négatifs
penalite_remboursement,22588.0,1431.5221604391713,2434.2241366606627,0.0,0.0,0.0,2526.4425,46200.0,0,0,13995,0
frais_notaire,22588.0,2138.1205507349036,1076.6557643309093,0.0,1260.0,1800.0,2760.0,12276.0,0,0,86,0
id_dossier,22588.0,2633146.208473526,174925.1970075744,2221046.0,2505686.25,2684942.0,2777462.0,2875891.0,0,0,0,0
duree,22588.0,321.1492385337347,120.80813278116202,0.0,180.0,420.0,420.0,420.0,0,0,3,0
emp_id,22588.0,3490358.8487692582,315296.9977971858,135936.0,3330279.0,3584897.0,3713592.0,3848714.0,0,0,0,0
coemp_id,12872.0,3506932.188238036,256547.03662130266,909002.0,3335617.0,3584371.0,3712526.75,3848780.0,9716,0,0,0
cp_coemp,12629.0,51914.90957320453,24448.581886639502,0.0,31600.0,56110.0,72380.0,97480.0,9959,0,8,0
salaire_emp,22588.0,2412.0858092792637,1442.445105392816,0.0,1733.33,2193.0,2800.0,37333.0,0,0,788,0
rev_foncier_emp,22588.0,134.54999291659288,627.2827168892263,0.0,0.0,0.0,0.0,17266.0,0,0,20340,0
conge_parental_emp,22588.0,0.0,0.0,0.0,0.0,0.0,0.0,0.0,0,0,22588,0
allocation_familiale_emp,22588.0,41.192729768018424,105.22859649998496,0.0,0.0,0.0,0.0,1500.0,0,0,18571,0
apl_emp,22588.0,0.6582844873384097,20.861485220182285,0.0,0.0,0.0,0.0,1750.0,0,0,22535,0
pension_alimentaire_emp,22588.0,7.507849743226492,62.885843986679106,0.0,0.0,0.0,0.0,3000.0,0,0,22024,0
pension_invalidite_emp,22588.0,16.42615902248982,142.45877839823473,0.0,0.0,0.0,0.0,3416.0,0,0,22150,0
anciennete_emp,22588.0,8.973627589870729,16.466039575637854,0.0,1.5,6.0,14.0,2083.0,0,0,2765,0
nb_enfants_emp,22588.0,0.3851602620860634,0.887158568851871,0.0,0.0,0.0,0.0,8.0,0,0,18172,0
retard_loyer_emp,22575.0,1.687486157253599,112.53327401667704,0.0,0.0,0.0,0.0,15000.0,13,0,22558,0
dette_famille_ami_emp,22575.0,182.75758050941306,2451.46229314541,0.0,0.0,0.0,0.0,150000.0,13,0,22059,0
retard_impot_emp,22575.0,109.40583787375415,1385.3063732522533,0.0,0.0,0.0,0.0,87000.0,13,0,21708,0
decouvert_emp,22575.0,755.2934263565891,1224.0953385057999,0.0,0.0,400.0,1000.0,35000.0,13,0,8794,0
autre_dette_emp,22575.0,77.17409125138427,1406.2803089817955,0.0,0.0,0.0,0.0,68000.0,13,0,22263,0
saisie_sur_salaire_emp,22575.0,0.0015503875968992248,0.039345297926834694,0.0,0.0,0.0,0.0,1.0,13,0,22540,0
avis_a_tiers_detenteurs_emp,22575.0,0.000664451827242525,0.02576896866077423,0.0,0.0,0.0,0.0,1.0,13,0,22560,0
loyer_emp,13767.0,38.695130384252195,184.89550915776158,0.0,0.0,0.0,0.0,6000.0,8821,0,12787,0
charges_loyer_emp,13767.0,1.9934168664196992,20.96770725699838,0.0,0.0,0.0,0.0,600.0,8821,0,13566,0
pension_versee_emp,13767.0,18.519466114621924,90.68140394687627,0.0,0.0,0.0,0.0,2100.0,8821,0,12873,0
charge_recurrente_emp,13767.0,1.395309798794218,31.8596425551755,0.0,0.0,0.0,0.0,2000.0,8821,0,13687,0
charge_courante_emp,13767.0,15.558319169027385,132.29348059692418,0.0,0.0,0.0,0.0,5000.0,8821,0,13426,0
charge_future_eventuelle_emp,13767.0,0.030725648289387668,3.605128184463207,0.0,0.0,0.0,0.0,423.0,8821,0,13766,0
tresorerie,18474.0,11851.476430118004,16900.599081526754,0.0,3000.0,6000.0,15000.0,510000.0,4114,0,2892,0
tresorerie_sur_facture,18474.0,438.46810652809353,5671.045932077085,0.0,0.0,0.0,0.0,200000.0,4114,0,18144,0
valeur_gage,22588.0,83390.14459536037,6654609.021790007,0.0,0.0,0.0,0.0,1000000000.0,0,0,19162,0
valeur_residence_principale,22588.0,82026.8348733841,6654585.360993955,0.0,0.0,0.0,0.0,1000000000.0,0,0,19287,0
valeur_bien_immobilier,22588.0,357.1188241544183,12410.974063618942,0.0,0.0,0.0,0.0,850000.0,0,0,22547,0
valeur_produit_epargne_placement,22588.0,7.4827341951478665,583.6260668040837,0.0,0.0,0.0,0.0,60000.0,0,0,22568,0
valeur_bien_mobilier,22588.0,861.9835753497432,5297.348286618876,0.0,0.0,0.0,0.0,190000.0,0,0,21766,0
valeur_totale,22588.0,80794.6133686028,6654622.7119299695,0.0,0.0,0.0,0.0,1000000000.0,0,0,19498,0
valeur_acquisition,15284.0,11300.60424627061,46468.54478217661,0.0,0.0,0.0,0.0,1140000.0,7304,0,14126,0
nb_etablissement_ficp,22588.0,4.4271294492650965e-05,0.006653667747389478,0.0,0.0,0.0,0.0,1.0,0,0,22587,0
nombre_rejets,22587.0,0.39159693629078673,2.1080916778881975,0.0,0.0,0.0,0.0,61.0,1,0,20880,0
nombre_commissions_intervention,22587.0,0.07898348607606145,1.404208255997917,0.0,0.0,0.0,0.0,70.0,1,0,22447,0
salaire_coemp,12872.0,1660.9886319142327,1695.6718043561518,0.0,1013.0,1700.0,2200.0,145041.0,9716,0,1852,0
rev_foncier_coemp,12872.0,1.789550186451212,54.194007347873615,0.0,0.0,0.0,0.0,3850.0,9716,0,12847,0
conge_parental_coemp,12872.0,0.03325046612802983,3.7724262090592,0.0,0.0,0.0,0.0,428.0,9716,0,12871,0
allocation_familiale_coemp,12872.0,0.38199968924798006,13.951213890753781,0.0,0.0,0.0,0.0,770.0,9716,0,12853,0
apl_coemp,12872.0,0.017324425108763208,1.9655398238789754,0.0,0.0,0.0,0.0,223.0,9716,0,12871,0
pension_alimentaire_coemp,12872.0,0.9886575512740833,19.321475795832672,0.0,0.0,0.0,0.0,760.0,9716,0,12825,0
pension_invalidite_coemp,12872.0,21.10572482908639,157.15443111531343,0.0,0.0,0.0,0.0,5005.85,9716,0,12561,0
anciennete_coemp,12872.0,6.858622591671846,8.197145260312169,0.0,1.0,4.0,10.0,56.0,9716,0,2708,0
rc_id,9100.0,2177.4037362637364,649.5132216250242,146.0,1796.0,2424.0,2635.0,3070.0,13488,0,0,0
csp_emp,1501.0,6053.90473017988,1411.7022725245374,1101.0,5217.0,5634.0,7700.0,8600.0,21087,0,0,0
csp_coemp,905.0,6215.737016574586,1378.182625381994,1301.0,5424.0,5634.0,7700.0,8600.0,21683,0,0,0
