Variable,N valides,Modalités,Modalité fréquente,Fréquence,NA
type_dossier,9710,1,proprietaire,9710,0
date_creation,9710,875,2026-01-14,48,0
date_aboutisant_azur,9710,705,2026-05-18,49,0
date_naissance_emp,9656,5944,1969-05-13,10,54
intitule_emp,9710,2,Monsieur,5454,0
cp_emp,9710,3066,29200,38,0
situation_fam_emp,9647,7,Célibataire,4383,63
consentement_emp,9710,2,False,7959,0
accept_emailing,9710,2,True,8406,0
prospect_sms,9710,2,False,6110,0
assistante_maternelle_emp,9710,2,False,9692,0
contrat_emp,9710,9,CDI,5780,0
retard_loyer_emp,9710,2,False,9705,0
autre_dette_emp,9710,2,False,9575,0
avis_a_tiers_detenteurs_emp,9710,2,False,9705,0
tresorerie,9710,2,True,6673,0
tresorerie_sur_facture,9710,2,False,9556,0
conso_echeance_de_retard,9710,2,False,9452,0
conso_libelle,9710,6494,[],513,0
immo_echeance_de_retard,9710,2,False,9661,0
nombre_commissions_intervention,9710,2,False,9673,0
date_rdv,9710,624,2026-05-21,47,0
heure_rdv_debut,9710,61,18:00:00,1351,0
etat,9710,2,fait,8335,0
local_agence,9710,38,POISSY,693,0
fichage_BDF,9710,2,False,9709,0
