Variable,Borne basse,Borne haute,Valeurs à examiner,% des valeurs renseignées,Minimum,Maximum,Remarque
nb_enfants_emp,0.0,0.0,4416,19.55,0.0,8.0,IQR nul : règle peu informative
allocation_familiale_emp,0.0,0.0,4017,17.78,0.0,1500.0,IQR nul : règle peu informative
valeur_gage,0.0,0.0,3426,15.17,0.0,1000000000.0,IQR nul : règle peu informative
valeur_residence_principale,0.0,0.0,3301,14.61,0.0,1000000000.0,IQR nul : règle peu informative
valeur_totale,0.0,0.0,3090,13.68,0.0,1000000000.0,IQR nul : règle peu informative
rev_foncier_emp,0.0,0.0,2248,9.95,0.0,17266.0,IQR nul : règle peu informative
salaire_emp,133.32499999999982,4400.005,2111,9.35,0.0,37333.0,
nombre_rejets,0.0,0.0,1707,7.56,0.0,61.0,IQR nul : règle peu informative
tresorerie,-15000.0,33000.0,1268,6.86,0.0,510000.0,
decouvert_emp,-1500.0,2500.0,1232,5.46,0.0,35000.0,
valeur_acquisition,0.0,0.0,1158,7.58,0.0,1140000.0,IQR nul : règle peu informative
penalite_remboursement,-3789.66375,6316.106250000001,1043,4.62,0.0,46200.0,
loyer_emp,0.0,0.0,980,7.12,0.0,6000.0,IQR nul : règle peu informative
pension_versee_emp,0.0,0.0,894,6.49,0.0,2100.0,IQR nul : règle peu informative
retard_impot_emp,0.0,0.0,867,3.84,0.0,87000.0,IQR nul : règle peu informative
valeur_bien_mobilier,0.0,0.0,822,3.64,0.0,190000.0,IQR nul : règle peu informative
anciennete_coemp,-12.5,23.5,747,5.8,0.0,56.0,
pension_alimentaire_emp,0.0,0.0,564,2.5,0.0,3000.0,IQR nul : règle peu informative
dette_famille_ami_emp,0.0,0.0,516,2.29,0.0,150000.0,IQR nul : règle peu informative
anciennete_emp,-17.25,32.75,495,2.19,0.0,2083.0,
pension_invalidite_emp,0.0,0.0,438,1.94,0.0,3416.0,IQR nul : règle peu informative
frais_notaire,-990.0,5010.0,401,1.78,0.0,12276.0,
charge_courante_emp,0.0,0.0,341,2.48,0.0,5000.0,IQR nul : règle peu informative
tresorerie_sur_facture,0.0,0.0,330,1.79,0.0,200000.0,IQR nul : règle peu informative
salaire_coemp,-767.5,3980.5,323,2.51,0.0,145041.0,
autre_dette_emp,0.0,0.0,312,1.38,0.0,68000.0,IQR nul : règle peu informative
pension_invalidite_coemp,0.0,0.0,311,2.42,0.0,5005.85,IQR nul : règle peu informative
charges_loyer_emp,0.0,0.0,201,1.46,0.0,600.0,IQR nul : règle peu informative
nombre_commissions_intervention,0.0,0.0,140,0.62,0.0,70.0,IQR nul : règle peu informative
charge_recurrente_emp,0.0,0.0,80,0.58,0.0,2000.0,IQR nul : règle peu informative
apl_emp,0.0,0.0,53,0.23,0.0,1750.0,IQR nul : règle peu informative
pension_alimentaire_coemp,0.0,0.0,47,0.37,0.0,760.0,IQR nul : règle peu informative
valeur_bien_immobilier,0.0,0.0,41,0.18,0.0,850000.0,IQR nul : règle peu informative
rev_foncier_coemp,0.0,0.0,25,0.19,0.0,3850.0,IQR nul : règle peu informative
valeur_produit_epargne_placement,0.0,0.0,20,0.09,0.0,60000.0,IQR nul : règle peu informative
allocation_familiale_coemp,0.0,0.0,19,0.15,0.0,770.0,IQR nul : règle peu informative
retard_loyer_emp,0.0,0.0,17,0.08,0.0,15000.0,IQR nul : règle peu informative
duree,-180.0,780.0,0,0.0,0.0,420.0,
